baseline,split,cdr_type,aar,caar,ppl,rmsd,tm_score,fnat,irmsd,dockq,epitope_f1,n_liabilities,chimera_s,chimera_b
mean,epitope_group,H1,0.67Âą0.19,0.40Âą0.40,1.54Âą0.22,0.91Âą0.46,0.38Âą0.15,0.02Âą0.03,0.26Âą0.27,0.66Âą0.03,0.08Âą0.10,0.02Âą0.15,0.55Âą0.05,0.05Âą0.06
mean,epitope_group,H2,0.57Âą0.22,0.37Âą0.37,1.78Âą0.33,0.84Âą0.35,0.40Âą0.12,0.02Âą0.03,0.27Âą0.22,0.66Âą0.02,0.09Âą0.11,0.60Âą0.65,0.56Âą0.04,0.05Âą0.06
mean,epitope_group,H3,0.37Âą0.13,0.24Âą0.23,3.10Âą0.47,1.84Âą0.75,0.21Âą0.10,0.03Âą0.04,1.05Âą0.60,0.57Âą0.07,0.10Âą0.13,0.58Âą0.49,0.46Âą0.06,0.06Âą0.08
mean,antigen_fold,H1,0.69Âą0.18,0.38Âą0.38,1.60Âą0.20,0.85Âą0.54,0.43Âą0.17,0.03Âą0.04,0.23Âą0.25,0.66Âą0.05,0.11Âą0.14,0.12Âą0.39,0.57Âą0.06,0.06Âą0.08
mean,antigen_fold,H2,0.54Âą0.20,0.32Âą0.36,1.92Âą0.38,0.85Âą0.45,0.42Âą0.13,0.02Âą0.03,0.27Âą0.23,0.65Âą0.06,0.10Âą0.13,0.51Âą0.62,0.56Âą0.05,0.06Âą0.07
mean,antigen_fold,H3,0.37Âą0.13,0.24Âą0.23,3.28Âą0.60,1.79Âą0.75,0.20Âą0.10,0.03Âą0.04,1.02Âą0.56,0.57Âą0.07,0.13Âą0.16,0.78Âą0.42,0.46Âą0.06,0.07Âą0.09
mean,temporal,H1,0.67Âą0.18,0.35Âą0.38,1.56Âą0.22,0.90Âą0.56,0.40Âą0.17,0.03Âą0.03,0.22Âą0.24,0.66Âą0.03,0.09Âą0.11,0.02Âą0.14,0.56Âą0.06,0.05Âą0.07
mean,temporal,H2,0.55Âą0.18,0.30Âą0.33,1.97Âą0.38,0.89Âą0.36,0.37Âą0.11,0.02Âą0.03,0.26Âą0.21,0.66Âą0.02,0.08Âą0.10,0.60Âą0.70,0.55Âą0.04,0.05Âą0.06
mean,temporal,H3,0.38Âą0.13,0.23Âą0.22,3.23Âą0.43,1.87Âą0.66,0.17Âą0.07,0.03Âą0.04,1.04Âą0.55,0.57Âą0.06,0.09Âą0.11,0.56Âą0.67,0.45Âą0.05,0.05Âą0.07
